{"listTubeData":[{"id":0,"pos":{"x":0.0,"y":0.0,"z":0.0},"WaterDatas":[{"eColor":2,"isHidden":false,"lockKeyObstacle":null},{"eColor":5,"isHidden":false,"lockKeyObstacle":null},{"eColor":4,"isHidden":false,"lockKeyObstacle":null},{"eColor":10,"isHidden":false,"lockKeyObstacle":null}],"isLock":false,"IsHidden":false,"unlockColor":0,"HasTap":false,"HasCap":false,"NumRotate":0,"CapColor":0,"HasIce":false},{"id":1,"pos":{"x":0.0,"y":0.0,"z":0.0},"WaterDatas":[{"eColor":9,"isHidden":false,"lockKeyObstacle":null},{"eColor":1,"isHidden":false,"lockKeyObstacle":null},{"eColor":7,"isHidden":false,"lockKeyObstacle":null},{"eColor":9,"isHidden":false,"lockKeyObstacle":null}],"isLock":false,"IsHidden":false,"unlockColor":0,"HasTap":false,"HasCap":false,"NumRotate":0,"CapColor":0,"HasIce":false},{"id":2,"pos":{"x":0.0,"y":0.0,"z":0.0},"WaterDatas":[{"eColor":11,"isHidden":false,"lockKeyObstacle":null},{"eColor":8,"isHidden":false,"lockKeyObstacle":null},{"eColor":12,"isHidden":false,"lockKeyObstacle":null},{"eColor":10,"isHidden":false,"lockKeyObstacle":null}],"isLock":false,"IsHidden":false,"unlockColor":0,"HasTap":false,"HasCap":false,"NumRotate":0,"CapColor":0,"HasIce":false},{"id":3,"pos":{"x":0.0,"y":0.0,"z":0.0},"WaterDatas":[{"eColor":12,"isHidden":false,"lockKeyObstacle":null},{"eColor":7,"isHidden":false,"lockKeyObstacle":null},{"eColor":4,"isHidden":false,"lockKeyObstacle":null},{"eColor":10,"isHidden":false,"lockKeyObstacle":null}],"isLock":false,"IsHidden":false,"unlockColor":0,"HasTap":false,"HasCap":false,"NumRotate":0,"CapColor":0,"HasIce":false},{"id":4,"pos":{"x":0.0,"y":0.0,"z":0.0},"WaterDatas":[{"eColor":9,"isHidden":false,"lockKeyObstacle":null},{"eColor":3,"isHidden":false,"lockKeyObstacle":null},{"eColor":9,"isHidden":false,"lockKeyObstacle":null},{"eColor":1,"isHidden":false,"lockKeyObstacle":null}],"isLock":false,"IsHidden":false,"unlockColor":0,"HasTap":false,"HasCap":false,"NumRotate":0,"CapColor":0,"HasIce":false},{"id":5,"pos":{"x":0.0,"y":0.0,"z":0.0},"WaterDatas":[{"eColor":6,"isHidden":false,"lockKeyObstacle":null},{"eColor":5,"isHidden":false,"lockKeyObstacle":null},{"eColor":7,"isHidden":false,"lockKeyObstacle":null},{"eColor":8,"isHidden":false,"lockKeyObstacle":null}],"isLock":false,"IsHidden":false,"unlockColor":0,"HasTap":false,"HasCap":false,"NumRotate":0,"CapColor":0,"HasIce":false},{"id":6,"pos":{"x":0.0,"y":0.0,"z":0.0},"WaterDatas":[{"eColor":6,"isHidden":false,"lockKeyObstacle":null},{"eColor":12,"isHidden":false,"lockKeyObstacle":null},{"eColor":1,"isHidden":false,"lockKeyObstacle":null},{"eColor":1,"isHidden":false,"lockKeyObstacle":null}],"isLock":false,"IsHidden":false,"unlockColor":0,"HasTap":false,"HasCap":false,"NumRotate":0,"CapColor":0,"HasIce":false},{"id":7,"pos":{"x":0.0,"y":0.0,"z":0.0},"WaterDatas":[{"eColor":6,"isHidden":false,"lockKeyObstacle":null},{"eColor":11,"isHidden":false,"lockKeyObstacle":null},{"eColor":8,"isHidden":false,"lockKeyObstacle":null},{"eColor":12,"isHidden":false,"lockKeyObstacle":null}],"isLock":false,"IsHidden":false,"unlockColor":0,"HasTap":false,"HasCap":false,"NumRotate":0,"CapColor":0,"HasIce":false},{"id":8,"pos":{"x":0.0,"y":0.0,"z":0.0},"WaterDatas":[{"eColor":7,"isHidden":false,"lockKeyObstacle":null},{"eColor":11,"isHidden":false,"lockKeyObstacle":null},{"eColor":5,"isHidden":false,"lockKeyObstacle":null},{"eColor":4,"isHidden":false,"lockKeyObstacle":null}],"isLock":false,"IsHidden":false,"unlockColor":0,"HasTap":false,"HasCap":false,"NumRotate":0,"CapColor":0,"HasIce":false},{"id":9,"pos":{"x":0.0,"y":0.0,"z":0.0},"WaterDatas":[{"eColor":2,"isHidden":false,"lockKeyObstacle":null},{"eColor":2,"isHidden":false,"lockKeyObstacle":null},{"eColor":3,"isHidden":false,"lockKeyObstacle":null},{"eColor":3,"isHidden":false,"lockKeyObstacle":null}],"isLock":false,"IsHidden":false,"unlockColor":0,"HasTap":false,"HasCap":false,"NumRotate":0,"CapColor":0,"HasIce":false},{"id":10,"pos":{"x":0.0,"y":0.0,"z":0.0},"WaterDatas":[{"eColor":11,"isHidden":false,"lockKeyObstacle":null},{"eColor":4,"isHidden":false,"lockKeyObstacle":null},{"eColor":6,"isHidden":false,"lockKeyObstacle":null},{"eColor":5,"isHidden":false,"lockKeyObstacle":null}],"isLock":false,"IsHidden":false,"unlockColor":0,"HasTap":false,"HasCap":false,"NumRotate":0,"CapColor":0,"HasIce":false},{"id":11,"pos":{"x":0.0,"y":0.0,"z":0.0},"WaterDatas":[{"eColor":8,"isHidden":false,"lockKeyObstacle":null},{"eColor":2,"isHidden":false,"lockKeyObstacle":null},{"eColor":3,"isHidden":false,"lockKeyObstacle":null},{"eColor":10,"isHidden":false,"lockKeyObstacle":null}],"isLock":false,"IsHidden":false,"unlockColor":0,"HasTap":false,"HasCap":false,"NumRotate":0,"CapColor":0,"HasIce":false},{"id":12,"pos":{"x":0.0,"y":0.0,"z":0.0},"WaterDatas":[{"eColor":0,"isHidden":false,"lockKeyObstacle":null},{"eColor":0,"isHidden":false,"lockKeyObstacle":null},{"eColor":0,"isHidden":false,"lockKeyObstacle":null},{"eColor":0,"isHidden":false,"lockKeyObstacle":null}],"isLock":false,"IsHidden":false,"unlockColor":0,"HasTap":false,"HasCap":false,"NumRotate":0,"CapColor":0,"HasIce":false},{"id":13,"pos":{"x":0.0,"y":0.0,"z":0.0},"WaterDatas":[{"eColor":0,"isHidden":false,"lockKeyObstacle":null},{"eColor":0,"isHidden":false,"lockKeyObstacle":null},{"eColor":0,"isHidden":false,"lockKeyObstacle":null},{"eColor":0,"isHidden":false,"lockKeyObstacle":null}],"isLock":false,"IsHidden":false,"unlockColor":0,"HasTap":false,"HasCap":false,"NumRotate":0,"CapColor":0,"HasIce":false}],"isFree":false,"difficulty":0,"timeLimit":0}