{"listTubeData":[{"id":0,"pos":{"x":0.0,"y":0.0,"z":0.0},"WaterDatas":[{"eColor":4,"isHidden":false,"lockKeyObstacle":null},{"eColor":2,"isHidden":false,"lockKeyObstacle":null},{"eColor":5,"isHidden":false,"lockKeyObstacle":null},{"eColor":2,"isHidden":false,"lockKeyObstacle":null}],"isLock":false,"IsHidden":false,"unlockColor":0,"HasTap":false,"HasCap":false,"NumRotate":0,"CapColor":0,"HasIce":false},{"id":1,"pos":{"x":0.0,"y":0.0,"z":0.0},"WaterDatas":[{"eColor":2,"isHidden":false,"lockKeyObstacle":null},{"eColor":7,"isHidden":false,"lockKeyObstacle":null},{"eColor":5,"isHidden":false,"lockKeyObstacle":null},{"eColor":1,"isHidden":false,"lockKeyObstacle":null}],"isLock":false,"IsHidden":false,"unlockColor":0,"HasTap":false,"HasCap":false,"NumRotate":0,"CapColor":0,"HasIce":false},{"id":2,"pos":{"x":0.0,"y":0.0,"z":0.0},"WaterDatas":[{"eColor":1,"isHidden":false,"lockKeyObstacle":null},{"eColor":5,"isHidden":false,"lockKeyObstacle":null},{"eColor":5,"isHidden":false,"lockKeyObstacle":null},{"eColor":7,"isHidden":false,"lockKeyObstacle":null}],"isLock":false,"IsHidden":false,"unlockColor":0,"HasTap":false,"HasCap":false,"NumRotate":0,"CapColor":0,"HasIce":false},{"id":3,"pos":{"x":0.0,"y":0.0,"z":0.0},"WaterDatas":[{"eColor":4,"isHidden":false,"lockKeyObstacle":null},{"eColor":1,"isHidden":false,"lockKeyObstacle":null},{"eColor":2,"isHidden":false,"lockKeyObstacle":null},{"eColor":1,"isHidden":false,"lockKeyObstacle":null}],"isLock":false,"IsHidden":false,"unlockColor":0,"HasTap":false,"HasCap":false,"NumRotate":0,"CapColor":0,"HasIce":false},{"id":4,"pos":{"x":0.0,"y":0.0,"z":0.0},"WaterDatas":[{"eColor":4,"isHidden":false,"lockKeyObstacle":null},{"eColor":4,"isHidden":false,"lockKeyObstacle":null},{"eColor":7,"isHidden":false,"lockKeyObstacle":null},{"eColor":7,"isHidden":false,"lockKeyObstacle":null}],"isLock":false,"IsHidden":false,"unlockColor":0,"HasTap":false,"HasCap":false,"NumRotate":0,"CapColor":0,"HasIce":false},{"id":5,"pos":{"x":0.0,"y":0.0,"z":0.0},"WaterDatas":[{"eColor":0,"isHidden":false,"lockKeyObstacle":null},{"eColor":0,"isHidden":false,"lockKeyObstacle":null},{"eColor":0,"isHidden":false,"lockKeyObstacle":null},{"eColor":0,"isHidden":false,"lockKeyObstacle":null}],"isLock":false,"IsHidden":false,"unlockColor":0,"HasTap":false,"HasCap":false,"NumRotate":0,"CapColor":0,"HasIce":false},{"id":6,"pos":{"x":0.0,"y":0.0,"z":0.0},"WaterDatas":[{"eColor":0,"isHidden":false,"lockKeyObstacle":null},{"eColor":0,"isHidden":false,"lockKeyObstacle":null},{"eColor":0,"isHidden":false,"lockKeyObstacle":null},{"eColor":0,"isHidden":false,"lockKeyObstacle":null}],"isLock":false,"IsHidden":false,"unlockColor":0,"HasTap":false,"HasCap":false,"NumRotate":0,"CapColor":0,"HasIce":false},{"id":7,"pos":{"x":0.0,"y":0.0,"z":0.0},"WaterDatas":[{"eColor":0,"isHidden":false,"lockKeyObstacle":null},{"eColor":0,"isHidden":false,"lockKeyObstacle":null},{"eColor":0,"isHidden":false,"lockKeyObstacle":null},{"eColor":0,"isHidden":false,"lockKeyObstacle":null}],"isLock":false,"IsHidden":false,"unlockColor":0,"HasTap":false,"HasCap":false,"NumRotate":0,"CapColor":0,"HasIce":false}],"isFree":false,"difficulty":0,"timeLimit":0}